Id,Label,timeset,pageranks,modularity_class
0,@elonmusk,,0.028263,1
1,@AndrewYNg,,0.032675,0
2,@AlCocan,,0.000437,0
3,@ajtourville,,0.000437,0
4,@bendiken,,0.000437,1
5,@SpaceX,,0.03574,1
6,@Octopus11271,,0.000423,1
7,@nectarsuarez,,0.000423,1
8,@milind_kawli,,0.000423,1
9,@yamassi_1107,,0.000423,1
10,@champagne_casey,,0.000423,1
11,@IrinaAntony,,0.000423,1
12,@60OJmt,,0.000423,1
13,@pratik_wase,,0.000423,1
14,@teslaandspaceX,,0.000423,1
15,@AaronMercer17,,0.000423,1
16,@sdelagrave,,0.00044,0
17,@Jokibu,,0.000423,1
18,@RamonVillasante,,0.000423,1
19,@Rose_Hexis,,0.000423,1
20,@ISABELLA_VIVES,,0.000423,1
21,@AugustusMaximux,,0.000423,1
22,@elonjpnews,,0.000423,1
23,@Victronix,,0.000423,1
24,@petardi86262320,,0.000423,1
25,@dbehee,,0.000423,1
26,@SpaceXToot,,0.000423,1
27,@johnalleyjr,,0.000423,1
28,@mateloney,,0.000423,1
29,@sedatceylann,,0.000423,1
30,@v_g_fischer,,0.000423,1
31,@Owen25585226,,0.000423,1
32,@Cote411,,0.000423,1
33,@chrisamirr,,0.000423,1
34,@DlisHome,,0.000081,2
35,@AlbertHarker,,0.000423,1
36,@RajuRamlall,,0.000423,1
37,@MariaAzul7,,0.000423,1
38,@AnozieUdemezue,,0.000423,1
39,@KristiTalmadge,,0.000423,1
40,@_elonmusk_____,,0.000423,1
41,@Jackson83711863,,0.000423,1
42,@Kitty8319,,0.000423,1
43,@bilalasad20,,0.000423,1
44,@NikolaRusTesla,,0.000423,1
45,@GuermasGTemp,,0.000423,1
46,@LD_invest,,0.000081,3
47,@daniel63103646,,0.000423,1
48,@000Aquarius,,0.000423,1
49,@EuricoRoberto,,0.000081,4
50,@PoliticalBot8,,0.000423,1
51,@59OPAL,,0.000423,1
52,@NCBirbhan,,0.000423,1
53,@ArgoNaut_Scorp,,0.000423,1
54,@geekwire,,0.000081,5
55,@AdobeCareers,,0.000081,6
56,@coursera,,0.000081,7
57,@colin_faivre,,0.000081,8
58,@VThrCTNx,,0.0004,36
59,@mikestrattonNET,,0.000081,9
60,@kimmilyn,,0.001397,195
61,@haptx,,0.000081,10
62,@geekwire,,0.000081,11
63,@BrianWestbrook,,0.000758,60
64,@geekwire,,0.000081,12
65,@StarlaSampaco,,0.000081,13
66,@geekwire,,0.000081,14
67,@SmokeFreeLife,,0.000081,15
68,@geekwire,,0.000081,16
69,@Adobe,,0.001909,87
70,@marciojmsilva,,0.000081,17
71,@MichaeldeRoock,,0.000081,18
72,@AdobeEdu,,0.00111,87
73,@AdobeXD,,0.000388,87
74,@AdobeCareers,,0.000081,19
75,@marciojmsilva,,0.000551,87
76,@ZoilaRamirez007,,0.000594,87
77,@WeRGenZ,,0.000412,87
78,@AdobeCareers,,0.000081,20
79,@CaritaMarr,,0.000081,21
80,@Anubhav53202317,,0.000727,36
81,@ChoiceMckinley,,0.000368,36
82,@Adunni_O,,0.000368,36
83,@hpatrinos,,0.000081,22
84,@coursera,,0.000081,23
85,@JosephLizyness,,0.000081,24
86,@Alex_Dix,,0.000081,25
87,@LondonU,,0.000214,36
88,@coursera,,0.000081,26
89,@BrightlineOrg,,0.00175,36
90,@coursera,,0.000081,27
91,@JosephLizyness,,0.000081,28
92,@Alex_Dix,,0.000081,29
93,@talentrics,,0.000689,36
94,@ShizTerrabyte,,0.00036,36
95,@coursera,,0.000081,30
96,@Alex_Dix,,0.000081,31
97,@syria_youth,,0.001248,36
98,@coursera,,0.000081,32
99,@mikestrattonNET,,0.000081,33
100,@Alex_Dix,,0.000758,36
101,@Kent_Walker,,0.002315,119
102,@coursera,,0.000081,34
103,@JoannaLAshby,,0.000081,35
104,@coursera,,0.002815,36
105,@achinth,,0.000081,37
106,@seatech4housing,,0.000081,38
107,@SeattleFdn,,0.000374,195
108,@LeslieFeinzaig,,0.000081,39
109,@2point19,,0.00038,195
110,@aliciainedmonds,,0.000376,195
111,@Q13FOX,,0.001279,40
112,@seattletimes,,0.001755,40
113,@IsteningL,,0.000428,40
114,@KarrenEricson,,0.000428,40
115,@ClimateGroup,,0.001158,69
116,@BofA_News,,0.003134,87
117,@Patrickchan828,,0.000416,87
118,@tipatat,,0.002428,71
119,@brandonlyfe_,,0.000367,71
120,@AndrewMitrak,,0.000081,41
121,@furan,,0.000367,71
122,@joemich,,0.000081,42
123,@haptx,,0.000081,43
124,@MissDestructo,,0.000367,71
125,@toddhooper,,0.000665,71
126,@RickKing16,,0.00037,71
127,@vrara_seattle,,0.000081,44
128,@AndrewMitrak,,0.000081,45
129,@haptx,,0.000081,46
130,@CharlieFink,,0.00184,71
131,@vrara_seattle,,0.000518,71
132,@virtualreels,,0.000376,71
133,@dan_talmon,,0.000081,47
134,@AndrewMitrak,,0.000665,71
135,@haptx,,0.002289,71
136,@VentureBeat,,0.001593,36
137,@mobisit,,0.000081,48
138,@Ayad_Albasha,,0.00042,36
139,@joemich,,0.000575,71
140,@fema,,0.00054,49
141,@Nasdaq,,0.001559,69
142,@GayDaysAnaheim,,0.000242,60
143,@karaswisher,,0.001398,60
144,@LynnEA58,,0.000081,50
145,@StarlaSampaco,,0.000081,51
146,@ktucky,,0.001001,71
147,@macapellades,,0.000081,52
148,@StarlaSampaco,,0.000081,53
149,@SmokeFreeLife,,0.000081,54
150,@SueDHellmann,,0.002789,69
151,@StarlaSampaco,,0.000081,55
152,@MIAMIUltraRich,,0.00046,69
153,@cathcoste,,0.000426,69
154,@SmokeFreeLife,,0.000081,56
155,@HDC_SeaKC,,0.000081,57
156,@KelseyCheng,,0.000473,60
157,@StarlaSampaco,,0.000081,58
158,@jradavenport,,0.000225,71
159,@geekwire,,0.000081,59
160,@thebettyrose,,0.000233,60
161,@StarlaSampaco,,0.001255,60
162,@EarthWindFire,,0.011142,61
163,@fredhutch,,0.001579,71
164,@macapellades,,0.000081,62
165,@geekwire,,0.000081,63
166,@SmokeFreeLife,,0.000081,64
167,@98point6Inc,,0.000225,71
168,@SmokeFreeLife,,0.000081,65
169,@JoeBugBuster,,0.000225,71
170,@SmokeFreeLife,,0.000081,66
171,@ldtimmerman,,0.001649,71
172,@mwmcelroy,,0.000386,71
173,@SmokeFreeLife,,0.000081,67
174,@hotirishmonkey,,0.000386,71
175,@COPDdoc,,0.001656,69
176,@SmokeFreeLife,,0.000081,68
177,@FCTCofficial,,0.006624,69
178,@unfairtobacco,,0.000394,69
179,@JoossensLuk,,0.000394,69
180,@FrguezLozano,,0.000081,70
181,@ChrisJElias,,0.000396,69
182,@NepalChirp,,0.000394,69
183,@ni44mi,,0.000396,69
184,@SmokeFreeLife,,0.001525,71
185,@JTeale,,0.000238,87
186,@cinehead,,0.00054,196
187,@reactathon,,0.001035,72
188,@github,,0.012252,73
189,@achinth,,0.000574,73
190,@TeresaGMadruga,,0.000421,71
191,@bsubra,,0.00046,73
192,@gatsbyjs,,0.000442,87
193,@mikestrattonNET,,0.000081,74
194,@caldeeh,,0.00046,73
195,@GirlsWhoCode,,0.002027,75
196,@dan_abramov,,0.000081,76
197,@zzarcon,,0.000081,77
198,@DonnaCMorris,,0.011389,87
199,@yuvaraj_mande,,0.000416,87
200,@CaritaMarr,,0.000081,78
201,@johnmally49,,0.00041,69
202,@DungaFad,,0.000432,87
203,@ErnestNuwagaba,,0.000423,87
204,@NayDoummar,,0.000416,87
205,@KhalanderSha,,0.000404,87
206,@thekingsreturn,,0.00041,69
207,@TheMarketStorm,,0.000081,79
208,@AdobeCareers,,0.001591,87
209,@ikomia,,0.000081,80
210,@FearTWD,,0.012167,81
211,@tootietaurus,,0.000495,61
212,@neuromancer149,,0.000457,81
213,@willtbh,,0.002275,82
214,@MarleiMartinez,,0.00161,87
215,@CaritaMarr,,0.000081,83
216,@jerZboyUSA,,0.000458,87
217,@KPIXtv,,0.00053,99
218,@22C0in,,0.000081,84
219,@CNN,,0.027352,90
220,@Leena1St,,0.000422,90
221,@quemero20,,0.000423,87
222,@Horrisber2Penny,,0.000427,87
223,@kwame_agyei,,0.000423,87
224,@wboricua98,,0.000422,90
225,@shahzeb_moghul,,0.000423,87
226,@cao88cao,,0.000423,87
227,@AjPinvestment,,0.000405,71
228,@kimosim,,0.000081,85
229,@MaketheRoadAct,,0.003667,40
230,@DonnaThorson,,0.000457,40
231,@mgallagher822,,0.007132,40
232,@iamharishipatel,,0.000466,40
233,@smsperidot,,0.000466,40
234,@BlumLenore,,0.001158,71
235,@pghtech,,0.000387,71
236,@CaritaMarr,,0.000081,86
237,@PittsTechAudrey,,0.000387,71
238,@RealShannyShan,,0.000862,87
239,@ghc,,0.000081,88
240,@CaritaMarr,,0.000081,89
241,@upowerco,,0.000634,87
242,@ghc,,0.000608,87
243,@CaritaMarr,,0.001127,87
244,@AP,,0.029112,90
245,@KojLt,,0.000417,90
246,@sean_koketso,,0.000417,90
247,@chesse47,,0.000417,90
248,@keithwhitson,,0.000417,90
249,@benishii_,,0.000417,90
250,@putinsuckit,,0.000417,90
251,@FaithRoyal5,,0.000417,90
252,@jGibson_Hanes,,0.000417,90
253,@jornalistavitor,,0.000417,90
254,@esm2e,,0.000417,90
255,@BigTin26,,0.000417,90
256,@jorje551,,0.000417,90
257,@proflevin,,0.000417,90
258,@JuneLeeEverett1,,0.000081,91
259,@PanthPnk,,0.000081,92
260,@AhmedMajdhee,,0.000421,87
261,@MoBea,,0.000417,90
262,@leohm63,,0.000081,93
263,@Rosenchild,,0.000435,90
264,@lizrobinson54,,0.000081,94
265,@RAKIMisdaGOAT,,0.000417,90
266,@Longley321,,0.000417,90
267,@mench90,,0.000081,95
268,@factsfaraone,,0.000417,90
269,@ParrishJohnetta,,0.000426,87
270,@malorye_a,,0.000404,71
271,@jameskthompson1,,0.000417,90
272,@DrYardSale,,0.000081,96
273,@Blossoming_Nova,,0.000417,90
274,@junior_hens,,0.000417,90
275,@TheresaPepe,,0.000417,90
276,@AnnoRegniPrimo,,0.000417,90
277,@girlygirl1919,,0.000417,90
278,@guesswho158,,0.000417,90
279,@kimosim,,0.000583,40
280,@DatHandsomeJerk,,0.000081,97
281,@Smartguygemini,,0.000081,98
282,@NancyPelosi,,0.030022,99
283,@harshman_55,,0.000431,90
284,@KathleenWeidma2,,0.000431,99
285,@Sherrys_Lane,,0.000429,40
286,@Peggysue21Adams,,0.000431,99
287,@MartaM62296137,,0.000453,40
288,@JuneLeeEverett1,,0.000599,99
289,@digyoursoul,,0.000421,69
290,@renevigil2,,0.000431,99
291,@SunnyDays024,,0.000431,90
292,@22C0in,,0.000666,99
293,@robgo84,,0.000431,99
294,@ArtistsPo,,0.000431,90
295,@Galaxi162,,0.000431,99
296,@TeresaMac2009,,0.000431,90
297,@cheryljo911,,0.000431,99
298,@dpmax100,,0.000453,40
299,@mindfulone1500,,0.000431,90
300,@SarahSweetIowa,,0.000466,81
301,@Cindy_52s,,0.000431,99
302,@pgrandee10,,0.000431,90
303,@52052c3827724b6,,0.000432,90
304,@summer7570,,0.000432,90
305,@BrommePamela,,0.000431,99
306,@PaxNostrum,,0.000427,69
307,@jayoung1892,,0.000421,69
308,@Solutioneer72,,0.000081,100
309,@StanSheggeby,,0.000453,40
310,@aishatyler,,0.004493,60
311,@Sophie281032116,,0.000081,101
312,@theReal_Rebel,,0.000433,60
313,@MaryAliceBisho2,,0.000445,60
314,@57teri,,0.000474,60
315,@bkindngood,,0.000436,60
316,@loveXilla,,0.000466,60
317,@EricaJoy,,0.00053,195
318,@tigranshmis,,0.00037,36
319,@KMertikas,,0.000081,102
320,@angrist_noam,,0.001026,36
321,@DiegoBzl,,0.000358,36
322,@itacec1,,0.000081,103
323,@BeatrizGietner,,0.000358,36
324,@hpatrinos,,0.001708,36
325,@qz,,0.00192,36
326,@WaterflowerM,,0.000413,36
327,@moneybizines,,0.000414,36
328,@lalojimjuarez,,0.000081,104
329,@AlexOsterwalder,,0.000081,105
330,@M_naahim,,0.00041,36
331,@mobisit,,0.000563,36
332,@alwaysmoses12,,0.000361,36
333,@Chris_LUTZ_CH,,0.000361,36
334,@RebeckaRead,,0.000433,36
335,@thinkers50,,0.000361,36
336,@erik_schon,,0.000361,36
337,@Badwiehab,,0.000626,36
338,@ScoutsMagazine,,0.00041,36
339,@unoy_peace,,0.000631,107
340,@UNESCO,,0.016559,107
341,@neupolitics,,0.000421,107
342,@sarazacharrisi,,0.000081,106
343,@IsacMorales911,,0.000456,81
344,@Mridul_upadhyay,,0.000432,107
345,@queenise,,0.000432,107
346,@syawal,,0.000416,36
347,@SunceMore1,,0.000081,108
348,@light11111111,,0.000426,87
349,@foxlider1,,0.000422,107
350,@al77901041,,0.000442,40
351,@mnarbs,,0.000081,109
352,@HippyLoft,,0.000081,110
353,@YAZEEDALJEDDAWY,,0.000432,107
354,@70czVM,,0.000425,107
355,@itacec1,,0.00053,36
356,@kulturbolschewi,,0.000421,107
357,@Stefan_Laurell,,0.00042,107
358,@jorgearomo,,0.000439,107
359,@KironEducation,,0.000788,111
360,@IFC_org,,0.000081,112
361,@SaleemulHuq,,0.000081,113
362,@sundarpichai,,0.032669,119
363,@rishabh16_,,0.000081,114
364,@fruizanton,,0.000414,119
365,@Jubrette1,,0.000449,119
366,@GeorgeASaleh,,0.000449,119
367,@__KiSi__,,0.000081,115
368,@kailashgajara,,0.000449,119
369,@AI_Nigeria,,0.000449,119
370,@ars_pascal,,0.000435,119
371,@Rajivjoshi1985,,0.000435,119
372,@HashirHaroon3,,0.000432,119
373,@WHBILLY21,,0.000435,119
374,@DevXTec,,0.000449,0
375,@WordsByFrank,,0.000432,119
376,@ArbFay,,0.000449,0
377,@FrancescoCiull4,,0.000449,0
378,@Mr_ElonMusk,,0.000435,119
379,@adk_Spence,,0.000449,0
380,@grammasheri,,0.00042,87
381,@chaitanya101010,,0.000449,0
382,@danieloh30,,0.000456,73
383,@Gabriel_Oguna,,0.000449,0
384,@rajaroyalknight,,0.000449,119
385,@PeggyKTC,,0.000081,116
386,@fairdinkummatey,,0.000431,90
387,@harishivgupta,,0.000435,119
388,@FelipeLodeiro,,0.000435,119
389,@marconav,,0.000081,117
390,@conradwt,,0.000449,0
391,@CocoPannell,,0.000414,119
392,@oGoing,,0.000432,36
393,@60gwKR,,0.000435,119
394,@bonacci1123,,0.000081,118
395,@GiseleMartz5,,0.00043,90
396,@ljo,,0.000456,73
397,@Googleorg,,0.002182,119
398,@Inspire_2018,,0.000401,119
399,@76Ifsv,,0.000431,119
400,@ferdian_d,,0.000431,119
401,@heinchris,,0.000401,119
402,@FoxNewsTech,,0.00054,120
403,@SusanWojcicki,,0.011318,195
404,@bonacci1123,,0.000666,195
405,@LoryDallas,,0.000442,195
406,@RicardoBlanco,,0.000429,195
407,@ajayvidyasagar,,0.000441,195
408,@PeggyKTC,,0.000592,119
409,@TimesandTech,,0.000428,119
410,@dyasdarcy,,0.000423,36
411,@Luminaria98,,0.000429,195
412,@marconav,,0.000592,119
413,@JRS9278,,0.000081,121
414,@Chetankrishna,,0.000411,119
415,@RyanWarrender,,0.000441,195
416,@gauravbhaskar,,0.000411,119
417,@LynnEA58,,0.000081,122
418,@Oldlady12345,,0.000442,195
419,@JacquelynCorley,,0.000967,178
420,@DVervoort94,,0.000081,123
421,@HarvardPGSSC,,0.000081,124
422,@ghn_news,,0.001174,69
423,@IlonaKickbusch,,0.000081,125
424,@drWouterArrazol,,0.000081,126
425,@WassermanIsaac,,0.000724,178
426,@DVervoort94,,0.000081,127
427,@JohnMeara,,0.000081,128
428,@JoannaLAshby,,0.000081,129
429,@keepark,,0.000081,130
430,@HarvardPGSSC,,0.000081,131
431,@JimYongKim,,0.022924,69
432,@Poncelet2,,0.000412,69
433,@nomoreslaves,,0.000417,107
434,@asoucat,,0.000081,132
435,@SirMoooohh,,0.000418,87
436,@SunceMore1,,0.000568,119
437,@mwelentuli,,0.000401,69
438,@fareedaasf,,0.000081,133
439,@peddanna_ullaji,,0.000403,69
440,@WBG_Gender,,0.000081,134
441,@tictoc22,,0.000417,107
442,@jackIntelSAD,,0.000081,135
443,@Xenophile14,,0.000417,107
444,@JoannaLAshby,,0.000081,136
445,@mnarbs,,0.000573,69
446,@MddMacron,,0.000426,69
447,@CAZACUOfelia,,0.000401,69
448,@AmazingChevVolt,,0.000414,69
449,@HenrietteKolb,,0.000404,69
450,@Harunbrur97,,0.000417,107
451,@Ebtesam00369622,,0.000413,69
452,@ErickBenedict96,,0.000426,69
453,@lalojimjuarez,,0.000581,36
454,@mennovanhilten,,0.000401,69
455,@XnodeHLODer,,0.000409,69
456,@ThomasELubeck,,0.000404,69
457,@waQasYousafzai,,0.000404,69
458,@spock4444,,0.000427,69
459,@BeakerH,,0.000401,69
460,@sandyc1772,,0.000417,107
461,@priscilaqqqq,,0.000426,69
462,@IlonaKickbusch,,0.000081,137
463,@yomitheprof,,0.000377,36
464,@iamaniku,,0.000081,138
465,@drWouterArrazol,,0.000081,139
466,@dambasz,,0.000377,36
467,@LynnEA58,,0.000766,60
468,@JohnMeara,,0.000081,140
469,@translatorbali,,0.000417,107
470,@Jimnosredna,,0.00039,36
471,@Refugees,,0.00722,107
472,@serazark,,0.000402,107
473,@dibsathecat,,0.000433,40
474,@jackIntelSAD,,0.000574,107
475,@cle4ayere,,0.000407,107
476,@SWEETPOTAT0314,,0.000402,36
477,@SaleemulHuq,,0.000562,69
478,@14iiTx,,0.000407,107
479,@mr_ericryan,,0.00041,107
480,@garychun,,0.000406,107
481,@agentsmith247,,0.000402,107
482,@harryfear,,0.000081,141
483,@chinghizm,,0.000408,107
484,@TenevaNina,,0.000407,107
485,@Odev110,,0.000406,107
486,@scook2214,,0.000397,69
487,@Nichtarida,,0.000406,107
488,@BreasleyAdam,,0.00041,107
489,@fareedaasf,,0.000575,107
490,@ethally,,0.00041,107
491,@HippyLoft,,0.000579,107
492,@sarazacharrisi,,0.000579,107
493,@Katcam1066,,0.000404,40
494,@SaniaNishtar,,0.002706,178
495,@DVervoort94,,0.000081,142
496,@EmiSuzukiPhD,,0.000081,143
497,@LukeCaddell,,0.000081,144
498,@RolvixPatterson,,0.000081,145
499,@ncdalliance,,0.000347,69
500,@rfrsarmiento,,0.000081,146
501,@HarvardPGSSC,,0.000081,147
502,@IlonaKickbusch,,0.000677,69
503,@keepark,,0.000081,148
504,@JohnMeara,,0.000081,149
505,@JoannaLAshby,,0.000081,150
506,@HarvardPGSSC,,0.000081,151
507,@SurgeryMatters,,0.000081,152
508,@Adelina_Mazhiqi,,0.000081,153
509,@RolvixPatterson,,0.000392,178
510,@JohnMeara,,0.000081,154
511,@rfrsarmiento,,0.000081,155
512,@keepark,,0.000081,156
513,@clairekarekezi,,0.000969,178
514,@ParisaFallah,,0.000081,157
515,@ulricksidney,,0.000298,178
516,@SurgeryMatters,,0.000081,158
517,@keepark,,0.000081,159
518,@JoannaLAshby,,0.000081,160
519,@DrSimbaC,,0.000362,69
520,@jyatespd,,0.000516,69
521,@ShenaazEl,,0.000384,69
522,@asoucat,,0.000081,161
523,@JoannaLAshby,,0.000081,162
524,@markshrime,,0.002601,178
525,@isaac_Ndayishim,,0.000081,163
526,@ParisaFallah,,0.000408,178
527,@DVervoort94,,0.000081,164
528,@Adelina_Mazhiqi,,0.000081,165
529,@StudentSurgNet,,0.00029,178
530,@rfrsarmiento,,0.000587,178
531,@HarvardPGSSC,,0.000081,166
532,@SurgeryMatters,,0.000081,167
533,@keepark,,0.000081,168
534,@JohnMeara,,0.000081,169
535,@JoannaLAshby,,0.000081,170
536,@j_incorvia,,0.000301,178
537,@Monica_Kerrigan,,0.000301,178
538,@VNikolian,,0.001906,178
539,@TheMominatrixx,,0.000412,178
540,@JoannaLAshby,,0.000081,171
541,@graffeo,,0.000346,178
542,@CelestinoGutirr,,0.000081,172
543,@StraatenDawid,,0.000195,178
544,@JoannaLAshby,,0.001875,178
545,@Adelina_Mazhiqi,,0.000081,173
546,@GSC20181,,0.000283,178
547,@Drevinho,,0.000081,174
548,@JohnMeara,,0.000081,175
549,@keepark,,0.000081,176
550,@HarvardPGSSC,,0.000081,177
551,@alexpeters,,0.001117,178
552,@DVervoort94,,0.000726,178
553,@isaac_Ndayishim,,0.000411,178
554,@EmiSuzukiPhD,,0.00046,178
555,@biconnections,,0.00035,69
556,@JohnMeara,,0.000978,178
557,@theG4Alliance,,0.000297,178
558,@keepark,,0.000931,178
559,@HarvardPGSSC,,0.001863,178
560,@mnickelsburg,,0.001333,195
561,@glossolaliac,,0.000367,195
562,@seattlePRgal,,0.000373,195
563,@geekwire,,0.001689,71
564,@smartecocity,,0.000364,71
565,@macapellades,,0.000081,179
566,@SoapBoxRocket,,0.000388,195
567,@HDC_SeaKC,,0.000081,180
568,@RickToney01,,0.00038,195
569,@bruteforceblog,,0.000388,60
570,@WillSeattle,,0.000081,181
571,@UrbanistOrg,,0.000852,60
572,@katzaj,,0.000081,182
573,@WillSeattle,,0.000081,183
574,@ctrupin,,0.001792,195
575,@seatech4housing,,0.003404,195
576,@LindaLeeKing,,0.000081,184
577,@sharethecities,,0.000081,185
578,@ProfSaraRankin,,0.000378,195
579,@hardlynormal,,0.000412,195
580,@drvox,,0.016297,60
581,@wodecki54,,0.000416,69
582,@stetayen,,0.000081,186
583,@wjsierra33,,0.000419,60
584,@KathyCh10940147,,0.000442,40
585,@katzaj,,0.000081,187
586,@dorothystella7,,0.00041,107
587,@FaganKara,,0.000421,60
588,@TheNakedParty,,0.000419,60
589,@luvman33wife,,0.000435,60
590,@IreneWellman1,,0.000421,60
591,@PanthPnk,,0.000588,60
592,@cards79,,0.00041,107
593,@ExpatLiberty,,0.000081,188
594,@stickerdujour,,0.000413,60
595,@snw106,,0.000435,60
596,@Siri_resist,,0.000419,60
597,@WhaDaF_u_Tink,,0.000081,189
598,@MissPuskar,,0.000434,60
599,@noahfeehan,,0.000391,71
600,@sharethecities,,0.000081,190
601,@12MileGeo,,0.000422,60
602,@WillSeattle,,0.000764,60
603,@DlisHome,,0.000594,60
604,@adrienne_mears,,0.000081,191
605,@Pissed_Woman,,0.000081,192
606,@bungalowwriter,,0.000421,60
607,@Backstorymom1,,0.000435,60
608,@AmericanWoman8,,0.000435,60
609,@RubberRoomHotel,,0.000081,193
610,@SUfamhomeless,,0.001078,195
611,@severuduw,,0.000405,195
612,@RAPWashington,,0.000378,195
613,@heyChopArt,,0.000386,195
614,@sharethecities,,0.000702,195
615,@dilpkaur,,0.000232,195
616,@LeslieFeinzaig,,0.000081,194
617,@create33pnw,,0.000565,195
618,@micah,,0.000392,195
619,@SEAstartupweek,,0.000392,195
620,@LeslieFeinzaig,,0.001596,195
621,@chantalledum,,0.00024,69
622,@jodie_papoosha,,0.000263,99
623,@AmyAtArrowroot,,0.000327,75
624,@dev_fmmendes,,0.000274,73
625,@mikestrattonNET,,0.000745,36
626,@Nyaki_Fiasco,,0.000248,90
627,@kdc,,0.000323,82
628,@rosamariatorres,,0.000253,107
629,@willcox_nathan,,0.000252,60
630,@idisforum,,0.000253,107
631,@Zshan_Alam,,0.000267,0
632,@LiLDELain,,0.000263,99
633,@reigningit,,0.000327,75
634,@E647Rotary,,0.00025,1
635,@GauravPatell,,0.000263,119
636,@alemuw1,,0.000237,69
637,@_tayee,,0.00025,90
638,@drfarmertx,,0.000263,99
639,@dan_talmon,,0.000385,71
640,@AfricaNoTobacco,,0.000237,69
641,@cloudynoon16,,0.00025,90
642,@DC2006_,,0.00025,90
643,@SpazzyKK,,0.00025,90
644,@Snarkolicious,,0.000245,71
645,@nuurryyn,,0.000259,195
646,@dluvtx,,0.000252,60
647,@DeejayClint,,0.00025,1
648,@AnderEzkurra,,0.000263,99
649,@HerMillennials,,0.000252,60
650,@LamosDadon,,0.000246,36
651,@inkstains10,,0.000244,71
652,@eliasmkx,,0.000254,87
653,@NOCE_WEB_DESIGN,,0.000254,1
654,@dikaiakos,,0.000226,36
655,@Antengand,,0.000259,195
656,@WBG_Poverty,,0.000245,69
657,@PierParty,,0.000248,90
658,@vivek_m007,,0.000267,0
659,@Tekyid237,,0.000274,73
660,@Socraticness,,0.000254,1
661,@GraceActivist,,0.000245,69
662,@KelciRee,,0.000271,40
663,@nadine_nikelle,,0.000292,61
664,@ebube_deliverer,,0.000245,69
665,@mccassaro,,0.000254,87
666,@3ffi,,0.000195,36
667,@lucasgonzalez,,0.000245,69
668,@M_corru,,0.000263,60
669,@Aungiexyz,,0.000245,69
670,@urbanjackattack,,0.000252,60
671,@dissonpontes,,0.000274,73
672,@MrDrTed,,0.000292,61
673,@a_nea_mi_k,,0.000254,1
674,@dinesh_aggarwal,,0.000263,119
675,@ikuyuk,,0.000248,90
676,@nosheenusman18,,0.00019,178
677,@vanessapho,,0.000243,178
678,@Bubwa101,,0.00025,1
679,@GoldaElKhoury,,0.000253,107
680,@BillERayburn1,,0.000263,99
681,@realbillm,,0.000263,99
682,@saramax1007,,0.000263,99
683,@shawnDWMC,,0.000259,195
684,@immaheshvs,,0.000263,119
685,@ufirstcapital,,0.000267,0
686,@dyannleroy,,0.000263,99
687,@CherylD1234,,0.000233,195
688,@AntiTrumpReport,,0.000271,40
689,@LaurenNBaily,,0.000263,60
690,@djbarrios00,,0.000248,90
691,@cotorabin,,0.000254,1
692,@loisrp,,0.000267,0
693,@AndrewGLane,,0.000238,107
694,@8lobbo,,0.00025,1
695,@rookhaven,,0.00025,36
696,@EsselGlobal,,0.000254,87
697,@benaxor,,0.000263,99
698,@sunocoloco617,,0.000248,90
699,@jorgega74639773,,0.000276,40
700,@Lil_Highlands,,0.000284,81
701,@BradleySabre22,,0.000252,60
702,@Millenialcool,,0.000259,195
703,@Lingotrans,,0.000253,107
704,@iamaniku,,0.00041,36
705,@milliker2017,,0.000251,60
706,@JillFuhaid,,0.00025,90
707,@buluttcann,,0.000259,195
708,@ssirivara,,0.000259,195
709,@MartianManish,,0.000263,119
710,@UndertheMaskque,,0.000254,1
711,@dsuseela,,0.000253,107
712,@alfaomegagrafx,,0.000237,71
713,@subroslugger,,0.00025,1
714,@takeactionpleas,,0.000263,99
715,@Jro0429,,0.000252,60
716,@michael47313176,,0.00025,1
717,@avee8tr,,0.000254,1
718,@y_gravett,,0.00025,90
719,@akanoaro,,0.000254,87
720,@AuroraJansen,,0.000284,81
721,@ruckus2,,0.000276,87
722,@idurandiaz,,0.000267,0
723,@Byte_anil,,0.000263,119
724,@IFC_org,,0.001871,69
725,@GhxstTomoko,,0.000292,61
726,@mark1107,,0.000263,119
727,@DeborahRStaines,,0.000248,90
728,@yoelapalkin,,0.000263,119
729,@JaiNowhere,,0.000253,107
730,@DonnaYoungDC,,0.000239,69
731,@WhaDaF_u_Tink,,0.000442,40
732,@ayatrezaeifar,,0.000246,36
733,@JosephLizyness,,0.00046,36
734,@terencemauri,,0.000195,36
735,@TheOldBoi,,0.00025,90
736,@RepWalterJones,,0.000263,119
737,@vaniettupang,,0.000263,119
738,@yee_soh_,,0.000292,61
739,@IsraelKwesi,,0.000254,87
740,@martin_kj,,0.000248,90
741,@JulianMartinezA,,0.000246,36
742,@PaolaEbranati,,0.000259,195
743,@stephen1kr,,0.000254,1
744,@junemayf,,0.000248,90
745,@hiro777j,,0.000254,1
746,@Melissa39B,,0.000248,90
747,@DingusMcguffin,,0.00025,90
748,@KINGSHARIFF07,,0.000263,119
749,@19XXYn,,0.00025,90
750,@Drevinho,,0.000294,178
751,@adhinarayananv,,0.000263,119
752,@IN_LALA_LAND_CA,,0.000223,195
753,@SteveCie,,0.000254,1
754,@karthick_sk65,,0.000253,107
755,@_Analand,,0.000238,107
756,@boscothuo,,0.000267,0
757,@senu420,,0.000254,1
758,@seanictmayo,,0.00025,119
759,@kaalam_ai,,0.000274,73
760,@Gma_Fouts,,0.000263,99
761,@WBG_SPLabor,,0.000245,69
762,@toniheinonen,,0.000246,36
763,@jp25f,,0.000252,60
764,@nestel34,,0.000254,87
765,@Sanhackster,,0.000267,0
766,@smithmeyerjen,,0.000238,107
767,@sophire2500,,0.000232,119
768,@sunildatatree,,0.000227,36
769,@abrahamgibson,,0.00025,1
770,@lionflower13,,0.000254,1
771,@AllisonMColbert,,0.000237,69
772,@timmo001,,0.000274,73
773,@marco_73,,0.000254,1
774,@grosset,,0.000263,119
775,@aleebakari,,0.000245,69
776,@catherinedecker,,0.000253,107
777,@iJacksonIsaac,,0.000267,0
778,@NomitP,,0.000274,73
779,@sarbjeetjohal,,0.000251,60
780,@bigshinynine,,0.000248,90
781,@emweeklyrpt,,0.000245,69
782,@Zeromei,,0.00025,1
783,@gasparepolizzi9,,0.000238,107
784,@BAbowtie,,0.000267,0
785,@darkmoonoasis,,0.000263,99
786,@JerkyTough,,0.000248,90
787,@paulinaaov,,0.000253,107
788,@adrienne_mears,,0.000424,107
789,@djprymetyme,,0.000262,40
790,@_deezuus_,,0.000248,90
791,@danniiwhite,,0.000253,107
792,@JxsePrada,,0.00025,1
793,@d_holguin,,0.000248,90
794,@ppriil,,0.000254,1
795,@ginesplaza,,0.000254,1
796,@LeeReynoldsDUP,,0.000259,195
797,@annamich980,,0.000267,0
798,@LindaLeeKing,,0.000401,195
799,@Thxkew,,0.000263,119
800,@vice_elisabete,,0.000254,87
801,@OlinJohansen,,0.000226,195
802,@Misslamide,,0.000248,90
803,@_YvngJinsengg,,0.000323,82
804,@rfournier20,,0.000252,60
805,@jjjsmed,,0.000267,0
806,@Saryuuri,,0.000254,1
807,@JasperBeen,,0.000237,69
808,@GavinDCook,,0.000245,69
809,@riki_delbrocco,,0.000259,195
810,@Greytdog,,0.000263,99
811,@data4all,,0.000267,0
812,@wa3ad_94,,0.000258,36
813,@CelestinoGutirr,,0.000354,178
814,@j_pineo,,0.000252,60
815,@zupet0,,0.00022,71
816,@I_Am_Tonton_,,0.000254,1
817,@MIAHeat4Life,,0.00025,1
818,@hire_ai,,0.000267,0
819,@PupsNPolitics,,0.000252,60
820,@_kanokkorn_,,0.000263,119
821,@TricksyRaccoon,,0.000252,60
822,@goyanigroup,,0.00025,1
823,@dsc_knust,,0.000263,119
824,@SmileSimplify,,0.00025,1
825,@lumar33,,0.000263,99
826,@sampathweb,,0.000267,0
827,@alansergal,,0.000254,1
828,@sunnyjames660,,0.00025,90
829,@HayesPope,,0.000252,60
830,@WEG_LLC,,0.000254,1
831,@thiri24456981,,0.000263,119
832,@danhorly,,0.000263,60
833,@starknstars,,0.000259,195
834,@Astrid98Bertero,,0.000284,81
835,@Kaidan78,,0.000254,1
836,@luzvillalbab,,0.000284,81
837,@VermaDaksha2000,,0.000253,107
838,@hnpatel69,,0.000263,119
839,@AnnH1958,,0.000263,99
840,@iSrav16,,0.000253,107
841,@OkekeAnya,,0.000237,69
842,@NS_NewcomeR,,0.00025,1
843,@Malamax_com,,0.000246,36
844,@dbinox,,0.000263,99
845,@badawalachu,,0.000254,1
846,@TeaLinus,,0.000263,119
847,@MirandaDuffy,,0.000252,60
848,@Ro427_So,,0.000274,73
849,@SagArcher,,0.000263,99
850,@jackalsilva,,0.000252,60
851,@Crescen83501942,,0.000271,40
852,@rayjyotir5,,0.000267,0
853,@OrionSIOfficial,,0.000263,119
854,@MickTurski,,0.000254,1
855,@CTANC133,,0.000284,81
856,@Bullsey38376026,,0.00025,1
857,@ExpatLiberty,,0.000419,60
858,@lauraj_clark,,0.000263,99
859,@denalbz,,0.000253,107
860,@jimwbolton1,,0.000263,99
861,@Neel__C,,0.000267,0
862,@panjiahnh,,0.000263,119
863,@Nadimalishayk,,0.000263,119
864,@DavidJLockett,,0.000254,1
865,@WitchCandee,,0.000248,90
866,@patrickpijl,,0.000246,36
867,@meredithb104,,0.000245,71
868,@real_suzi,,0.000259,87
869,@jbranson12,,0.00025,90
870,@yahayam30535892,,0.000263,119
871,@rocket61946515,,0.000254,1
872,@ajusaswade,,0.000267,0
873,@rafram23,,0.000259,87
874,@Gurveer_Bains,,0.000247,69
875,@Hughmariah,,0.000323,82
876,@Puigcerber,,0.000274,73
877,@tephlon_don3,,0.000252,60
878,@HL10PM,,0.000254,1
879,@313Prism,,0.000248,90
880,@WEConnection,,0.000245,69
881,@DanDassow,,0.000263,99
882,@fosteryouthrock,,0.000233,195
883,@budds_m,,0.000254,1
884,@Skamama01,,0.000263,99
885,@mizzharty,,0.00025,36
886,@JustBackalBalik,,0.000252,60
887,@lost_mars,,0.000254,1
888,@WoodLiv11,,0.000292,61
889,@sherman1959CG,,0.000245,69
890,@MuniraJoya16,,0.000254,1
891,@chvgtrn,,0.000253,107
892,@pawamangi1,,0.000254,1
893,@masap,,0.000267,0
894,@impraviin,,0.000267,0
895,@mhooplaw,,0.000225,71
896,@survivngtwnbyz,,0.00025,90
897,@simonclydesdale,,0.000252,60
898,@gheafanya,,0.000263,119
899,@LGakumba,,0.000245,69
900,@mubeenshahid16,,0.000254,87
901,@mejicuba,,0.000276,40
902,@walkingcrow,,0.00025,1
903,@Tristessette,,0.000271,40
904,@dr_data01,,0.000267,0
905,@Sareeta_m,,0.000267,0
906,@JanetSalud,,0.000276,40
907,@harryfear,,0.000406,107
908,@vishals99541919,,0.000254,87
909,@RobynJRoberts1,,0.00025,90
910,@BPSGroup,,0.000248,90
911,@prokopsky,,0.000267,0
912,@Ola_Hornelius,,0.000254,1
913,@saulofendder,,0.000254,87
914,@MannyThuMammoth,,0.000254,1
915,@jjreva50,,0.000292,61
916,@monderer,,0.000254,87
917,@gilcassagnol,,0.000263,119
918,@cellonosuke2014,,0.000259,87
919,@iwishjogley,,0.000284,81
920,@DarwinRulz,,0.00025,1
921,@tyxmy,,0.000284,81
922,@BELLOYisa,,0.000263,119
923,@miskoom,,0.00025,90
924,@yanjaa_b,,0.000237,69
925,@robinragnew,,0.000259,87
926,@Nick_James97,,0.00025,1
927,@oderdene,,0.000254,1
928,@SAFEcoalitionNC,,0.000276,40
929,@HDC_SeaKC,,0.000545,195
930,@WinksThinks,,0.000292,61
931,@ChanterCin,,0.000248,90
932,@Kdcodewebs1,,0.000267,0
933,@LeighRemmert,,0.000306,99
934,@dori_glen,,0.000263,119
935,@mohammedfeisal,,0.000254,1
936,@LucyCrystal,,0.000232,119
937,@daffi515,,0.00025,90
938,@macapellades,,0.000658,71
939,@theinsidermag,,0.00025,90
940,@d_dasilva,,0.000263,119
941,@Sandeep32806231,,0.000245,69
942,@GriftersGrift,,0.000263,99
943,@TejasKumar_,,0.000274,73
944,@katdell,,0.000327,75
945,@Vanessa95415961,,0.000271,40
946,@v_valbuen,,0.000192,178
947,@basilabia,,0.00025,90
948,@PrativaTripathy,,0.000253,107
949,@EddyTwyford,,0.000267,0
950,@kufuutaro,,0.000292,61
951,@SneakerHeadMo,,0.00025,90
952,@OpenMarketingTV,,0.000263,119
953,@jameskittle,,0.000263,99
954,@ianaugustine89,,0.000248,90
955,@Robert_Q610,,0.000259,195
956,@Delene06678002,,0.000263,99
957,@TheJokstr,,0.00025,90
958,@muthu_s_vel,,0.000267,0
959,@GhGhema123,,0.000253,107
960,@TheOldestYouth,,0.000248,90
961,@jerrydeasley,,0.00025,90
962,@bmunhu,,0.000237,69
963,@harishagrawal,,0.000267,0
964,@eggheadio,,0.000374,72
965,@Believin_Steven,,0.00025,1
966,@curioustgeorge3,,0.000246,36
967,@LunaticSX,,0.000252,60
968,@DrBronKing,,0.000237,69
969,@kumarse3,,0.000248,90
970,@nisobel,,0.000238,107
971,@_gbengzzz,,0.000254,1
972,@kaveh_k_s,,0.000254,1
973,@ajitnanani,,0.00025,1
974,@buckygrrl,,0.000252,60
975,@margargaritta,,0.000292,61
976,@PRADEEPDEV_01,,0.000267,0
977,@weskusgogga,,0.000252,60
978,@iBeSuckaFree,,0.000292,61
979,@SandyKAlano,,0.000252,60
980,@martlarr2,,0.000284,81
981,@parramaaa,,0.000253,107
982,@FelipeEncoC,,0.000263,119
983,@ProgettiGolosi,,0.000254,87
984,@AiShigeru,,0.000263,119
985,@TangoEnSkai,,0.000274,73
986,@AnthonyPilloud,,0.000274,73
987,@ticgran,,0.000238,107
988,@JeffVanVoorst,,0.000267,0
989,@lilgrumpy69,,0.000263,99
990,@jorgesp868,,0.000259,195
991,@OtgonbayarY,,0.000245,69
992,@SusanaShippam8,,0.00025,1
993,@IreneSonni,,0.000248,90
994,@coolcatcherry,,0.000247,40
995,@ChristopheMant3,,0.000254,1
996,@EascogalA,,0.000263,99
997,@Jacques_Haynes,,0.000254,1
998,@RoburPortcullis,,0.000274,73
999,@GiveWithAlma,,0.000327,75
1000,@Pissed_Woman,,0.000419,60
1001,@Destinyuhva,,0.000263,99
1002,@KunjYadav12,,0.000253,107
1003,@mimipick,,0.000276,40
1004,@HoudaAb7,,0.000267,0
1005,@masegoslin,,0.00025,1
1006,@RitaBelle7,,0.000284,81
1007,@ViragJain_VJ,,0.000263,119
1008,@newsclues,,0.00025,90
1009,@heatherj750,,0.000263,99
1010,@amitthakur1122,,0.000263,119
1011,@kletjianfdn,,0.000192,178
1012,@lixiaoyu212,,0.000245,69
1013,@LynnOtto9,,0.000284,81
1014,@NilufarM94,,0.000254,87
1015,@ChrisPe00000486,,0.000263,99
1016,@liberalshellz,,0.000263,99
1017,@Kenyates11,,0.000254,1
1018,@JohnDDenning,,0.000239,69
1019,@VanLeeza,,0.000292,61
1020,@physicsmatt,,0.000252,60
1021,@globejusticegjj,,0.000245,69
1022,@BarbaraENoll1,,0.000263,119
1023,@sunflowrgalaxy,,0.000327,75
1024,@uribeyaneth2,,0.00025,90
1025,@umbertoramiz,,0.000254,1
1026,@WalaceOPensador,,0.000267,0
1027,@JeromePio,,0.000248,90
1028,@J_O_ontheTRACK,,0.00025,1
1029,@rawuncutfilms,,0.00025,1
1030,@heygirlkerry3,,0.000248,90
1031,@adamucodes,,0.000263,119
1032,@sunilddesai,,0.000248,90
1033,@jenscorpio83,,0.000263,99
1034,@dancarl857,,0.000274,73
1035,@popyatagarasu,,0.000292,61
1036,@GenKnoxx,,0.000248,90
1037,@colin_faivre,,0.0004,36
1038,@alas3k,,0.00025,90
1039,@Hayato75,,0.000263,119
1040,@breakprimetime,,0.000267,0
1041,@BrLovers,,0.000284,81
1042,@zaktharp12,,0.000263,119
1043,@Magnator,,0.000274,73
1044,@FrancisYT4,,0.000254,1
1045,@acute_care_doc,,0.000243,178
1046,@idwalmanzor,,0.00025,90
1047,@Carlos_Ayestas,,0.00019,178
1048,@rvrikhye,,0.000267,0
1049,@prianka2808,,0.000267,0
1050,@stanitut,,0.000237,69
1051,@itz_mamulow,,0.000254,87
1052,@s_noronha,,0.000302,69
1053,@LPinderTV,,0.00025,90
1054,@xtakada,,0.000292,61
1055,@JanFWalsh2,,0.000271,40
1056,@ShivaRa03653226,,0.000263,119
1057,@shaner_english,,0.000248,90
1058,@kip_Alec,,0.000274,73
1059,@Iegendyonce,,0.000248,90
1060,@justindaffronte,,0.00025,1
1061,@breathe2025,,0.000237,69
1062,@ObviousMthulisi,,0.000263,119
1063,@CompeterG,,0.00025,1
1064,@FCBUNIV,,0.000245,69
1065,@ishaanroy,,0.000263,119
1066,@gregproughyaho1,,0.000263,99
1067,@feralislandBud,,0.00025,90
1068,@tatebrock_tate,,0.000254,1
1069,@edhollett,,0.00025,90
1070,@xsantus4u,,0.00025,90
1071,@funnypop66,,0.00023,71
1072,@eddieb0904,,0.000254,1
1073,@UltimateAdarshx,,0.000267,0
1074,@danebing,,0.00025,90
1075,@purpleshnurpler,,0.000271,40
1076,@Nyassatu,,0.000245,69
1077,@RaceAndRomance,,0.000263,99
1078,@iPKPradeep,,0.000267,0
1079,@stmcneil,,0.000248,90
1080,@nextdoorharami,,0.00025,1
1081,@_tlr_,,0.000237,71
1082,@malykhlg,,0.000248,90
1083,@ciincin_,,0.000267,0
1084,@thacktown,,0.000262,60
1085,@laydifink2018,,0.000259,195
1086,@tosingne,,0.00025,90
1087,@DrFinally,,0.000252,60
1088,@AssistedEvolve,,0.000267,0
1089,@EvilRegal2,,0.000263,99
1090,@SorishaPragyan,,0.000267,0
1091,@JillDanielle,,0.000271,40
1092,@DivineParty,,0.000246,36
1093,@dust_dark_dark,,0.000267,0
1094,@DCCbeta,,0.000246,36
1095,@Muhib02679917,,0.00025,90
1096,@Timmahooooo,,0.00025,1
1097,@bigbenvar,,0.000228,71
1098,@ShemBooth1,,0.000254,1
1099,@oscartong,,0.000228,71
1100,@LGVichy,,0.000274,73
1101,@srajkumar1993,,0.000263,119
1102,@segoave,,0.000226,195
1103,@lordsshrivas,,0.00025,1
1104,@TiaMari489,,0.000276,40
1105,@Muhammad0k,,0.000254,87
1106,@jenn6161,,0.000263,99
1107,@Hunteroaks5,,0.000263,99
1108,@kmr_ayush,,0.000267,0
1109,@javenkay,,0.000323,82
1110,@Ramadangalal77,,0.000199,178
1111,@AlisonCree,,0.00025,1
1112,@smdemora,,0.00025,90
1113,@DonnasueSealy,,0.000263,99
1114,@courtney4bama,,0.000263,60
1115,@Tarun30719179,,0.000253,107
1116,@dvijayait,,0.000253,107
1117,@masako_3d,,0.000254,1
1118,@DougBettcher,,0.000237,69
1119,@mitul0520,,0.000267,0
1120,@carlg341,,0.000248,90
1121,@iamPetersLight,,0.000263,119
1122,@ElmarMoelzer,,0.00025,1
1123,@ysfMag,,0.000267,0
1124,@Topitatxp,,0.000292,61
1125,@niptuck7,,0.000284,81
1126,@capyle3,,0.000254,1
1127,@ryannatfield,,0.000254,1
1128,@CADPgamer,,0.000259,195
1129,@clara6035,,0.000263,99
1130,@rendyrians_,,0.00025,1
1131,@RLopes890,,0.000254,1
1132,@JohnTroony,,0.000254,1
1133,@Nappy_Scrappy,,0.00025,90
1134,@vipulrawal,,0.000267,0
1135,@mikeysandmel,,0.000276,40
1136,@eduint,,0.000253,107
1137,@sixtyluckylady,,0.000248,90
1138,@taimhuynh,,0.000245,69
1139,@Missssdreamer,,0.000263,119
1140,@SSBM_LordXicor,,0.000292,61
1141,@MarikeBontenbal,,0.000253,107
1142,@Jeannie_LeO,,0.000229,195
1143,@PietroLaureano,,0.000253,107
1144,@amjalca,,0.000374,72
1145,@ahmad4albario,,0.000254,87
1146,@LivingFaithFel1,,0.000245,69
1147,@jojob005,,0.000248,90
1148,@lizrobinson54,,0.000417,90
1149,@farouckbello,,0.000254,87
1150,@abreen29364489,,0.000263,99
1151,@SharonCoryell3,,0.000248,90
1152,@ChrisS0501,,0.00025,90
1153,@nadiarmurphy,,0.000254,87
1154,@dreamarius,,0.000248,90
1155,@iamrajant,,0.000259,195
1156,@ElGringoSpeaks,,0.000252,60
1157,@Fsalt,,0.000238,107
1158,@davidtayar5,,0.00025,1
1159,@mrrjrwjdLLAP,,0.000263,60
1160,@ValentynaVashc2,,0.000254,1
1161,@AffanSamadKhan,,0.000267,0
1162,@TheMarketStorm,,0.000423,87
1163,@ShivArcher,,0.000263,119
1164,@Bortecin_EGE,,0.000267,0
1165,@yuukundesukedo,,0.000292,61
1166,@vi_shall_c,,0.000267,0
1167,@kittycatbytes,,0.000327,75
1168,@LD_invest,,0.000423,1
1169,@WBG_Climate,,0.000245,69
1170,@TwizMandy,,0.000263,119
1171,@DianeSangree,,0.000248,90
1172,@mitsukinnnn1,,0.00025,90
1173,@ernediko21,,0.000245,69
1174,@Jaseem_001,,0.000259,195
1175,@chicagoedgeblog,,0.000214,36
1176,@iamkhayyam,,0.000228,71
1177,@MoonzSmile,,0.00025,1
1178,@54Suhs,,0.00025,90
1179,@NomanbinRizwan,,0.000267,0
1180,@woodjulie58,,0.000263,99
1181,@Events4yu,,0.000276,40
1182,@ItalyCarey,,0.000284,81
1183,@coccco,,0.000263,119
1184,@kelvinshen,,0.000267,0
1185,@AxelLycan,,0.000252,60
1186,@DougCarel,,0.000248,90
1187,@manish71090,,0.000245,69
1188,@migster_suave,,0.000267,0
1189,@JohnMusiu,,0.000274,73
1190,@M4rtinK,,0.000254,1
1191,@madgoosefarm,,0.000263,99
1192,@blaha_b,,0.000263,99
1193,@sphericaltime,,0.000263,60
1194,@MominnurR,,0.000259,195
1195,@iamrajashekhar,,0.000253,107
1196,@Pritstweet,,0.000252,60
1197,@nic_dg,,0.000254,1
1198,@ciscaoladipo,,0.000267,0
1199,@KDJ52634326,,0.000245,69
1200,@SYCHOGRL26,,0.000284,81
1201,@abufiras2009,,0.000253,107
1202,@Dekha_15,,0.000263,119
1203,@VIACTSystems,,0.000263,119
1204,@creel_cameron,,0.000252,60
1205,@KMakAttack14,,0.000271,40
1206,@daph2345,,0.00025,90
1207,@SherryFLRealtor,,0.00025,36
1208,@oweikimi,,0.000254,87
1209,@ericcdeng,,0.000267,0
1210,@GermanGSurgeryA,,0.000192,178
1211,@cynthiabond,,0.000271,40
1212,@ssandeep000,,0.000267,0
1213,@Dev_ila,,0.000267,0
1214,@drWouterArrazol,,0.000568,69
1215,@maltehuebner,,0.00025,90
1216,@AndyWynyard,,0.000274,73
1217,@PISCES_Hawaii,,0.000254,1
1218,@AdnanBoz,,0.000267,0
1219,@SappyChadha,,0.000263,119
1220,@Its_Khafid,,0.000254,87
1221,@SvnSat,,0.000263,119
1222,@cindy555777,,0.000254,1
1223,@Elizabe51371109,,0.000248,90
1224,@_King_SERGIO_,,0.000263,99
1225,@JackDoorsee,,0.000263,99
1226,@KirkGharda,,0.000252,60
1227,@DurraniOfficial,,0.00025,1
1228,@Autarkh,,0.000252,60
1229,@Bukacode,,0.000263,119
1230,@Kevin_P_Wright,,0.000247,40
1231,@gui2de_GU,,0.00025,119
1232,@Val_Mxo,,0.000263,119
1233,@ChrisBerruecos,,0.000254,1
1234,@SimplyChance_x,,0.000248,90
1235,@kkfleming9,,0.000226,195
1236,@moneyonstax_,,0.000284,81
1237,@LeicesterLungs,,0.000237,69
1238,@MarycYee3,,0.000248,90
1239,@mcowan252,,0.000263,99
1240,@sandy_2356,,0.000254,87
1241,@lottie_lofton,,0.000271,40
1242,@caspgin,,0.000259,195
1243,@DrYardSale,,0.000417,90
1244,@ArtooAy2,,0.000274,73
1245,@shivuhosmani,,0.000263,119
1246,@MoniotteJean,,0.00025,1
1247,@Bolaji___,,0.000274,73
1248,@chrissimpson164,,0.00025,90
1249,@jhhanners,,0.00025,90
1250,@DigitalMMoore,,0.000259,87
1251,@DebOnTheArts,,0.000252,60
1252,@NigelBigMeech,,0.000267,0
1253,@wearegenesistv,,0.000243,87
1254,@fracturely,,0.000254,1
1255,@DeAndreEnrico,,0.000271,40
1256,@27MXIv,,0.000263,99
1257,@PiyushKant_1234,,0.000263,119
1258,@BigDataBeast,,0.000267,0
1259,@WBG_Gender,,0.000404,69
1260,@upulba,,0.000267,0
1261,@yumyumsuppe,,0.000263,119
1262,@UnionMatt,,0.000276,40
1263,@FawazTirmizi,,0.000292,61
1264,@Daverints_LFC,,0.000263,119
1265,@kitstolz,,0.000252,60
1266,@NLH45621986,,0.000259,195
1267,@sanicot,,0.000248,90
1268,@uli_weigel,,0.000246,36
1269,@ClawDrains,,0.000252,60
1270,@piotrekkaminski,,0.000254,87
1271,@MichaeldeRoock,,0.000392,195
1272,@dioskuren2018,,0.000267,0
1273,@Xing_Yuyang2000,,0.00025,90
1274,@TheMikk17,,0.00025,90
1275,@leohm63,,0.000417,90
1276,@jordanla23,,0.000248,90
1277,@Alexsvieta,,0.000302,69
1278,@digitalteacher,,0.00054,196
1279,@onestarr23,,0.00025,90
1280,@theartillry,,0.000237,71
1281,@BavyeshJ,,0.000263,99
1282,@MapleLeafJoker,,0.00025,1
1283,@_CapFuture_,,0.00025,1
1284,@yogaapratt1,,0.000284,81
1285,@appunite,,0.000263,119
1286,@WPalmerCurl,,0.000252,60
1287,@zezinhodudu,,0.000248,90
1288,@mohammad_d1993,,0.000267,0
1289,@TDLayer,,0.000274,73
1290,@_Sami5,,0.000246,36
1291,@id4socialmedia,,0.000248,90
1292,@123AW4,,0.000254,1
1293,@higuchidesign,,0.000243,87
1294,@tulip9me,,0.000253,107
1295,@personalblogxo,,0.00025,1
1296,@danielbrown__,,0.00025,1
1297,@GangstaGrimes,,0.000284,81
1298,@GermanTesla,,0.00025,1
1299,@inmybloodb,,0.000259,195
1300,@powerfromspace1,,0.000254,1
1301,@iyuanwang,,0.000267,0
1302,@SeahorseSeeHell,,0.00025,1
1303,@wabisabine,,0.000248,90
1304,@KiTaeKim9,,0.000245,69
1305,@BritneySheehan,,0.000229,195
1306,@UNDPSomalia,,0.000245,69
1307,@Mbeekmanrea1,,0.000271,40
1308,@JennyLionheart,,0.000248,90
1309,@Relaxxer,,0.00025,1
1310,@PlymouthHousing,,0.000226,195
1311,@JoshuaKerievsky,,0.000246,36
1312,@Trek_Jason_Trek,,0.000284,81
1313,@HAmunga1,,0.000253,107
1314,@casinka,,0.000276,87
1315,@ademiolaniran,,0.000253,107
1316,@frutpickr,,0.000263,99
1317,@kharlifah,,0.000263,119
1318,@MarisciaFox,,0.000248,90
1319,@imsfaruki,,0.000263,119
1320,@gridinoc,,0.00025,1
1321,@TeufelJpt10,,0.000284,81
1322,@iidaaraabii,,0.000267,0
1323,@MusavuliPatrick,,0.000237,69
1324,@ablamus,,0.00025,90
1325,@AsmaKayyali,,0.000246,36
1326,@SwastikBanerj14,,0.000274,73
1327,@ThePhilSThomas,,0.000263,119
1328,@DonnaKilli,,0.000284,81
1329,@teja2495,,0.000259,195
1330,@phendricks71,,0.000252,60
1331,@DvdBierry,,0.000284,81
1332,@TooFred,,0.00025,90
1333,@GeauxRilla,,0.000284,81
1334,@AmBeautifulShow,,0.00025,119
1335,@popedaniels,,0.000267,0
1336,@joolytron,,0.000263,99
1337,@Laryan174,,0.000254,1
1338,@VicCrete,,0.000267,0
1339,@FaisalShahJehan,,0.000243,178
1340,@AlexDzyubkov,,0.000302,69
1341,@VasuMPH,,0.000245,69
1342,@WhiteLotusPatal,,0.000267,0
1343,@LauraTuck_WB,,0.000245,69
1344,@Chrisquai,,0.00025,1
1345,@NatalieReid,,0.000248,90
1346,@OluwoleCo,,0.000267,0
1347,@MissErams,,0.000245,69
1348,@a_manuelli,,0.000245,69
1349,@AisaturdaysB,,0.000267,0
1350,@DovydasCeilutka,,0.000267,0
1351,@KhaiAchak,,0.000323,82
1352,@Brittahfly,,0.000292,61
1353,@zendzzo,,0.000274,73
1354,@EccentricFlower,,0.000252,60
1355,@PetitHerisson14,,0.000292,61
1356,@ciet_ncert,,0.000253,107
1357,@Deepak_mkg,,0.000253,107
1358,@DatHandsomeJerk,,0.000418,90
1359,@kathieallenmd,,0.000276,40
1360,@phizzle444,,0.000254,1
1361,@TiemmaBakare,,0.000263,119
1362,@anoopt3k,,0.000267,0
1363,@bdrobles1,,0.000262,40
1364,@Andres4Seattle,,0.000262,60
1365,@Srta_LovaticS2,,0.000284,81
1366,@tzvenyika48,,0.000254,87
1367,@qikchristian,,0.00025,1
1368,@noelbrw_,,0.00025,1
1369,@jamesproject2,,0.000254,1
1370,@raygibbs1,,0.000263,99
1371,@JRS9278,,0.000432,195
1372,@LukeCaddell,,0.000293,178
1373,@GodlessNZ,,0.000248,90
1374,@KodamanFB,,0.000274,73
1375,@gustavobechtold,,0.000244,36
1376,@ehfo0,,0.000267,0
1377,@neupanedinesh,,0.00019,178
1378,@Suite_Tea,,0.000248,90
1379,@17octcomIRL,,0.000245,69
1380,@NirmalMardi,,0.000263,119
1381,@UglyRoshan,,0.000254,1
1382,@Ugomma__,,0.000254,87
1383,@mayokunthefirst,,0.000274,73
1384,@fawfulfan,,0.000252,60
1385,@bostonnews002,,0.000192,178
1386,@mohammedvgy22,,0.000245,69
1387,@sharondeol,,0.00025,90
1388,@CASuperrunner,,0.00025,1
1389,@PrissPerfection,,0.000254,1
1390,@ChuckAgent86,,0.000271,40
1391,@MomRovin,,0.000263,119
1392,@IndivisEurekaSp,,0.000276,40
1393,@ALFREDOISLAS4,,0.000254,1
1394,@mschoening,,0.000274,73
1395,@imthedronelord,,0.000267,0
1396,@Clexa94,,0.000284,81
1397,@Akshayb2014,,0.000263,119
1398,@tinaornduff,,0.000263,119
1399,@SylvanusBCorey,,0.000263,99
1400,@PokeTheStars,,0.000263,99
1401,@WorldBankMENA,,0.000245,69
1402,@shamitb,,0.000267,0
1403,@abosife2010,,0.000302,69
1404,@madugger,,0.00025,90
1405,@IFCEurope,,0.000245,69
1406,@Nkulie14,,0.000253,107
1407,@RebeccaRaff10,,0.000327,75
1408,@EkekangC,,0.000245,69
1409,@ryanharahap_,,0.000263,119
1410,@WanhedasTitties,,0.000284,81
1411,@GonzaloBarria,,0.000267,0
1412,@Thecloudbuzz,,0.000274,73
1413,@smith_jsbe8786,,0.000292,61
1414,@BCG,,0.000195,36
1415,@SurgeryMatters,,0.000518,178
1416,@s_programmes,,0.000245,69
1417,@somakenya,,0.000254,1
1418,@VRARA_Berlin,,0.000237,71
1419,@letsnurture,,0.000267,0
1420,@jojos444,,0.000263,99
1421,@AnnaLikesPandas,,0.000259,195
1422,@agileInnovator,,0.000246,36
1423,@AlexandraMD_,,0.00025,90
1424,@toshiosuneco42,,0.000292,61
1425,@OutiKuivasniemi,,0.000245,69
1426,@anouk_clnn,,0.000284,81
1427,@AlmazAmengistu5,,0.000263,99
1428,@ShannonTyler28,,0.000302,69
1429,@ottmobdev,,0.000274,73
1430,@pradeep_poojari,,0.000263,119
1431,@Blackrosie89,,0.000284,81
1432,@mench90,,0.000418,36
1433,@pankaj_netrakar,,0.000254,1
1434,@dks6446,,0.000271,40
1435,@Master7MC,,0.000254,1
1436,@palestinianAF,,0.00025,1
1437,@clambertTDV53,,0.000253,107
1438,@kellitweets,,0.000233,195
1439,@SimTulum,,0.00025,90
1440,@ayanfeoluwa080,,0.00025,90
1441,@manojtopper200,,0.000263,119
1442,@Dnbrgh,,0.000284,81
1443,@sudhirkumar_t,,0.000263,119
1444,@NatSecDiver,,0.000245,69
1445,@Smartguygemini,,0.000417,90
1446,@ajaydholakia,,0.000267,0
1447,@zstormU,,0.000238,107
1448,@AliciaRuizO,,0.000245,69
1449,@bawconnects,,0.000261,87
1450,@whmaidan,,0.000245,69
1451,@SHACKA1985,,0.00025,1
1452,@pprabhu81,,0.000246,36
1453,@Dillens15725393,,0.000253,107
1454,@seb4466,,0.000252,60
1455,@nartovm,,0.000267,0
1456,@mohanedmk,,0.000263,119
1457,@ImpeachTrump020,,0.000263,99
1458,@obbytheteng,,0.000254,87
1459,@janellegar74,,0.000292,61
1460,@ELENISTAVROU5,,0.000253,107
1461,@ninasy7,,0.000233,36
1462,@redmor11,,0.000263,119
1463,@TheActor_movie,,0.000263,99
1464,@Alexandra1001,,0.00025,90
1465,@silly_lily_00,,0.00025,1
1466,@SaranchimegUB,,0.000245,69
1467,@JMasish,,0.00025,90
1468,@elenixgrimmie,,0.000284,81
1469,@Olutimi_,,0.000254,1
1470,@vball24_7,,0.000248,90
1471,@kwekuobi1207,,0.000245,69
1472,@schlaw1,,0.000254,1
1473,@bwbrighouse,,0.000245,69
1474,@BellaDawn01527,,0.000263,99
1475,@edschenck,,0.000243,178
1476,@maciejonob,,0.00025,1
1477,@flashxo,,0.000248,90
1478,@productions_atr,,0.000263,119
1479,@killamusu,,0.000323,82
1480,@technixweb,,0.000263,119
1481,@ciaranRoche87,,0.000274,73
1482,@KYashwanthvarma,,0.000263,119
1483,@raludwick,,0.000226,195
1484,@enspbrussels,,0.000237,69
1485,@_Dani_Hell_,,0.00025,90
1486,@nc_sara,,0.000259,87
1487,@emmasugarcube,,0.000267,0
1488,@lzut31,,0.000252,60
1489,@jermoore,,0.00025,1
1490,@david_macedo,,0.000263,119
1491,@gideon_mutai,,0.000245,69
1492,@madlibbeats,,0.000284,81
1493,@JohnJef14398510,,0.00025,1
1494,@DrMalone,,0.000263,99
1495,@giftedyabour,,0.000245,69
1496,@msyvr,,0.000274,73
1497,@rayisnthome,,0.00025,1
1498,@tchiebley,,0.000274,73
1499,@NHarpenewby,,0.000263,99
1500,@naman_00016,,0.000263,119
1501,@shxnsei,,0.000248,90
1502,@AdrianRHuber,,0.00025,90
1503,@JosephJDonner,,0.000263,60
1504,@1jasliz,,0.000248,90
1505,@myleejoseph,,0.000253,107
1506,@DeLunaVintage,,0.000248,90
1507,@davidhalldc,,0.000238,107
1508,@GayPrimrySource,,0.000263,99
1509,@VictorAnguiano3,,0.000254,1
1510,@analyticartist,,0.000248,90
1511,@DiaMontgomery,,0.000252,60
1512,@Zeng_QT,,0.000267,0
1513,@jpd_vc,,0.000267,0
1514,@JustinCarrion53,,0.000284,81
1515,@OlaShoksy,,0.00025,90
1516,@freeagentglobal,,0.000254,87
1517,@Wendy_knows1,,0.000271,40
1518,@Lootybag,,0.000292,61
1519,@MustonenPasi,,0.000237,69
1520,@JoAnnMahoney6,,0.000263,99
1521,@FrguezLozano,,0.000394,69
1522,@TauroMx,,0.00025,1
1523,@ineeshadvs,,0.000245,69
1524,@carusogabriel,,0.000274,73
1525,@jorgecard,,0.000254,1
1526,@samkadjei,,0.00025,1
1527,@katzaj,,0.000578,60
1528,@Ph3nomenon930,,0.000254,1
1529,@therealNasim,,0.000271,40
1530,@NovaCyberSec,,0.000267,0
1531,@markjp1968,,0.000292,61
1532,@BrdBttn,,0.000252,60
1533,@Johnnyrebaryah1,,0.000263,99
1534,@kmoore8228,,0.000226,195
1535,@AnaKome,,0.000253,107
1536,@Crystal_Fishy,,0.000254,1
1537,@SusanCheng7,,0.000282,60
1538,@SUJAN964,,0.000245,69
1539,@AklWaleed,,0.000267,0
1540,@aztrialguy,,0.000263,99
1541,@jfbjr_one,,0.000247,40
1542,@AdobeNews,,0.000243,87
1543,@RubberRoomHotel,,0.000419,60
1544,@DelagarzaCarol,,0.000263,99
1545,@Retired2018,,0.000263,99
1546,@cescmiralles,,0.000246,36
1547,@baxieb,,0.00025,90
1548,@i_amraccoon,,0.000271,40
1549,@daniel_a_g86,,0.00025,1
1550,@HollyAnnie,,0.000237,71
1551,@DhilipsTweet,,0.000263,119
1552,@abiolarraheem1,,0.00025,90
1553,@Ambachew41,,0.000245,69
1554,@Edgarflash,,0.000263,99
1555,@kachiokoro,,0.000253,107
1556,@gashna64,,0.00025,90
1557,@Vishpanchal10,,0.000263,119
1558,@cloudydays1971,,0.00025,90
1559,@stereodealer,,0.000274,73
1560,@syabakke,,0.000254,1
1561,@NaughtyOldGuy,,0.00025,90
1562,@carnmcgrath,,0.000248,90
1563,@elisaacostaaa,,0.000292,61
1564,@dariryahm,,0.000245,69
1565,@buffaloon,,0.000263,99
1566,@SaveRedlandLibr,,0.000253,107
1567,@livingroomdic,,0.000263,99
1568,@dk8996,,0.000267,0
1569,@griimick,,0.000274,73
1570,@Jimmy_Stick,,0.000259,195
1571,@AiCitizen,,0.000267,0
1572,@aremuoropo,,0.000253,107
1573,@mets2157,,0.000284,81
1574,@Reality881,,0.000245,69
1575,@mhart45,,0.00025,90
1576,@Pierre018,,0.000239,69
1577,@tsnmike,,0.000292,61
1578,@Thedude67111,,0.000263,99
1579,@PattyRegia100,,0.000254,1
1580,@cristinagberta,,0.00024,69
1581,@sayandeepghosh_,,0.000263,119
1582,@LindyLoo515,,0.000252,60
1583,@Main_Tomato,,0.000259,195
1584,@Katherine_CSR,,0.00025,119
1585,@IgorCarron,,0.000267,0
1586,@asoucat,,0.000557,69
1587,@Jaikensey,,0.00025,119
1588,@YusupovOleg,,0.000237,71
1589,@gurufencer,,0.000263,119
1590,@thedistilleryUK,,0.000259,195
1591,@_2flaky,,0.000267,0
1592,@NathandeveJill,,0.000263,60
1593,@tarasbailey73,,0.000284,81
1594,@CloudieCo,,0.00025,90
1595,@nickmiller6930,,0.00025,90
1596,@AdamJayEmrich,,0.000263,99
1597,@jesss__14,,0.000292,61
1598,@EKasiapac,,0.00023,71
1599,@rishabh16_,,0.000449,0
1600,@JimmyDe96405638,,0.000248,90
1601,@HParkerConey,,0.000254,87
1602,@chunn_athena,,0.000263,99
1603,@Sophie281032116,,0.00043,60
1604,@christslava,,0.000254,1
1605,@EspeOppenheimer,,0.000263,99
1606,@cconejero,,0.000254,1
1607,@JackWClark,,0.000263,99
1608,@ogr4_,,0.000259,195
1609,@DennJoyce,,0.000232,195
1610,@KungfuKaulana,,0.000323,82
1611,@__KiSi__,,0.000449,119
1612,@fred_frugal,,0.000263,99
1613,@Necyie,,0.00025,90
1614,@slickbobi,,0.000254,1
1615,@jaygatz42,,0.000263,99
1616,@jvlopez,,0.000254,1
1617,@taketooktake_n,,0.000263,119
1618,@sheeples_champ,,0.000263,99
1619,@KMertikas,,0.00037,36
1620,@pankajj_arya,,0.000254,87
1621,@WayCharMar,,0.00025,1
1622,@cleanhands69,,0.000292,61
1623,@stefanieesays,,0.000248,90
1624,@LioudmilaScarp2,,0.000245,69
1625,@pinky_founky,,0.000254,87
1626,@VanDerKim,,0.000253,107
1627,@Charger0843Rion,,0.000263,99
1628,@paujosfer,,0.000284,81
1629,@AirKanada,,0.000252,60
1630,@katamt5,,0.000263,60
1631,@Shahbazuma,,0.000254,87
1632,@99bengardner,,0.000267,0
1633,@emilyypagano,,0.000292,61
1634,@Karen62173478,,0.000259,87
1635,@IDEFFIE_NGO,,0.000247,69
1636,@KAMohamed225,,0.000254,87
1637,@jgkoomey,,0.000252,60
1638,@lorelei325,,0.000263,99
1639,@Jessicacgn,,0.00025,90
1640,@NoExpectation77,,0.000253,107
1641,@WalfordWilfred,,0.00025,1
1642,@ReneeB_75,,0.000263,99
1643,@Dance4Jonas,,0.000263,99
1644,@paulxmccarthy,,0.000267,0
1645,@chujorog,,0.000263,119
1646,@IvanMarakov,,0.000238,107
1647,@Luzern888,,0.000245,69
1648,@JoeSondow,,0.000306,195
1649,@rahsabi,,0.000263,119
1650,@saadsoso8,,0.000245,69
1651,@jgodson88,,0.000274,73
1652,@KalineCountry,,0.000263,99
1653,@TreyKiatomi,,0.000238,107
1654,@somadabout,,0.000248,90
1655,@pelangi_oren,,0.000245,69
1656,@Giri_Cog,,0.000267,0
1657,@EstherLamarr,,0.00025,90
1658,@NormaWa82774361,,0.00025,1
1659,@Bluetickmouse,,0.00025,90
1660,@_kaigai_1031,,0.000292,61
1661,@shazadgoldsmith,,0.000248,90
1662,@M5B1tch,,0.000263,99
1663,@DanFromTopChef,,0.000252,60
1664,@SHANENAPIER8483,,0.000244,36
1665,@GrondaMorin,,0.000248,90
1666,@rihanehakbari,,0.000238,107
1667,@SassyGash,,0.000248,90
1668,@SmithSciFi1,,0.00025,1
1669,@GSandhuSurgEd,,0.000243,178
1670,@360ViewColors44,,0.000259,87
1671,@adarshnair01,,0.000267,0
1672,@NetflixUIE,,0.000374,72
1673,@dgarrick5534,,0.000263,99
1674,@cathydebourgh,,0.000234,195
1675,@smsharper,,0.000254,1
1676,@Saintsfan5348,,0.000263,99
1677,@KatriBertram,,0.000245,69
1678,@linluv5,,0.000323,82
1679,@Ova_chan,,0.000263,119
1680,@svbizjournal,,0.000254,87
1681,@InaniT0,,0.000274,73
1682,@Martint29902747,,0.00025,90
1683,@RatnaChaturvedi,,0.000263,119
1684,@hahnsmith,,0.000284,81
1685,@Lastmedic,,0.000248,90
1686,@sdsn_TReNDS,,0.000253,107
1687,@KornelijaBerger,,0.000271,40
1688,@chasistydolley,,0.000263,99
1689,@ElyanEyad,,0.000267,0
1690,@AliciaFengler,,0.000245,69
1691,@Fuusio,,0.000254,1
1692,@CubicSnarkonia,,0.00025,90
1693,@Pablogomez3,,0.000267,0
1694,@LucasScottChan2,,0.000254,1
1695,@DeeWescott,,0.000263,99
1696,@Bilybalboa,,0.000245,69
1697,@AlexForsy,,0.000246,36
1698,@alisonmilner33,,0.000253,107
1699,@iamajed555,,0.000263,119
1700,@BecInTheWild,,0.000259,195
1701,@AltyxEx,,0.000263,60
1702,@Reshmx_M,,0.00025,90
1703,@mengli11235,,0.00025,1
1704,@kpgrace,,0.000259,87
1705,@CousinTheophile,,0.000274,73
1706,@MeggieBrody,,0.000271,40
1707,@rebelbabe61,,0.000248,90
1708,@Dr4GonFireX,,0.000254,1
1709,@teeboge,,0.000254,1
1710,@p4riah,,0.000252,60
1711,@CianGaia,,0.000245,69
1712,@Rbnhoodga,,0.000263,99
1713,@LakeshaWilborn,,0.000292,61
1714,@jason_beckstead,,0.000254,87
1715,@JeffFrick,,0.000244,36
1716,@lisabberlin,,0.000416,111
1717,@LeRipou_,,0.00025,1
1718,@rocket_quote,,0.00025,1
1719,@LurakeBuz,,0.000263,99
1720,@DoveLabels,,0.000263,119
1721,@Triamus1,,0.000267,0
1722,@roro_dej,,0.000263,119
1723,@vbandeadfan,,0.000284,81
1724,@jallawati,,0.000237,69
1725,@lkjtexas,,0.000248,90
1726,@FLPatsFan67,,0.000284,81
1727,@KinngKhatri,,0.000245,69
1728,@SharmaSnjv,,0.000254,1
1729,@gail_carson,,0.000245,69
1730,@HECParis,,0.000214,36
1731,@HelenMqeku,,0.000245,69
1732,@glueman16803,,0.000263,99
1733,@cfiesler,,0.000259,195
1734,@YolandaAaliyah,,0.000254,1
1735,@Mauro_Olivieri_,,0.000267,0
1736,@CodingFlux_,,0.000274,73
1737,@jamieleung,,0.000263,119
1738,@Catalyst_About,,0.000254,1
1739,@MPWangTingyu,,0.00025,90
1740,@PoohieDog,,0.000263,99
1741,@hanbaki,,0.00025,90
1742,@aravitz,,0.000252,60
1743,@frleivab,,0.000245,69
1744,@Team_Brophy,,0.00054,120
1745,@PPZRS_CZ,,0.000245,69
1746,@ellie_mir,,0.000276,87
1747,@AmandaPalgrave,,0.000271,40
1748,@charlesDchenet,,0.000254,1
1749,@Staci_Vice,,0.000248,90
1750,@codefinest,,0.000263,119
1751,@my_hope5SOS,,0.000263,60
1752,@vjain94,,0.000267,0
1753,@QuantumGypsy9,,0.000254,1
1754,@sjhall121,,0.000248,90
1755,@seminoledame,,0.000263,99
1756,@HumanWithABrain,,0.00025,1
1757,@chiefaiofficers,,0.000267,0
1758,@surajpindoria,,0.000254,87
1759,@nekopia01,,0.00025,90
1760,@etbal,,0.000274,73
1761,@ElyciaFrance,,0.000284,81
1762,@konipka1,,0.000263,99
1763,@MatthewRehrl,,0.000237,71
1764,@helder_willian,,0.000267,0
1765,@MaryAReed,,0.000263,99
1766,@Rena_Samo,,0.000263,99
1767,@lousianadwinta,,0.000245,69
1768,@quailcrown,,0.000238,107
1769,@jzikusooka,,0.00025,1
1770,@mckbirdbks,,0.000248,90
1771,@bradplumer,,0.000252,60
1772,@AlexOsterwalder,,0.005645,36
1773,@Sassy_Book_Girl,,0.000252,60
1774,@faizanned,,0.000267,0
1775,@itashasuxx,,0.00025,1
1776,@teaandmagnolias,,0.000263,99
1777,@PatVinkenes,,0.000263,99
1778,@KurtisKChoi,,0.000231,87
1779,@uwmnewsroom,,0.00023,71
1780,@geekfrenchie,,0.000267,0
1781,@Rez147930588,,0.000254,1
1782,@TurkmenogluZem,,0.00025,1
1783,@Iamsaichenreddy,,0.000254,1
1784,@brittberry05,,0.000263,99
1785,@deanhugchester,,0.000292,61
1786,@abhijeetsafai,,0.000235,36
1787,@Dathtective,,0.000284,81
1788,@MyFULL2CYNTS,,0.000263,99
1789,@carrotblanche,,0.000238,107
1790,@KitsuneKohi,,0.000259,195
1791,@sb_overseas,,0.000238,107
1792,@_RGP,,0.000254,1
1793,@ngtknt,,0.000274,73
1794,@NaGaLu222,,0.000292,61
1795,@Mecapricieux,,0.000259,195
1796,@onthetrainlmao,,0.000292,61
1797,@carlosbarria,,0.000245,69
1798,@BinMich,,0.00025,90
1799,@arabwanderlust,,0.000263,119
1800,@kshitijds,,0.000267,0
1801,@SantiagoN1976,,0.000263,99
1802,@__rsoper__,,0.000267,0
1803,@MarsdenPa,,0.000245,69
1804,@alifiyahpg,,0.000253,107
1805,@sgk22x,,0.000263,119
1806,@moseswong7,,0.000267,0
1807,@Shelbylstfranc2,,0.00025,1
1808,@simply_omhle,,0.000263,119
1809,@sunlightpump,,0.000253,107
1810,@gwhiteg,,0.000274,73
1811,@Eldelstein,,0.000263,119
1812,@oza_shu,,0.000274,73
1813,@Nevada_Dem,,0.000263,99
1814,@cataello,,0.000292,61
1815,@drkomanduri,,0.000239,69
1816,@aug_cologne,,0.000264,87
1817,@rsamadov,,0.000253,107
1818,@Aranende,,0.000284,81
1819,@caycedomarula,,0.000243,178
1820,@BiaVicodin,,0.000284,81
1821,@stetayen,,0.000434,60
1822,@AnchetaAna,,0.000253,107
1823,@wattojtg,,0.000292,61
1824,@_nehabhakat_,,0.000254,1
1825,@14_gut,,0.000292,61
1826,@dihubcom,,0.000263,119
1827,@TheHappyLass,,0.000228,71
1828,@katingey,,0.000264,87
1829,@taylormitch52,,0.000254,1
1830,@jigkava,,0.000243,87
1831,@i7yA412Sr0Y9yKq,,0.00025,1
1832,@TannrAllard,,0.000274,73
1833,@ikomia,,0.000427,87
1834,@dvargasguzman,,0.000267,0
1835,@Remi_Juice,,0.000254,87
1836,@dragonslayr04,,0.000254,1
1837,@sci_tek,,0.000254,1
1838,@lherrerabenitez,,0.000267,0
1839,@donoharmwb,,0.000248,90
1840,@htsuka,,0.00054,49
1841,@HJKART63,,0.000263,99
1842,@AmurMayas,,0.000233,36
1843,@ElodyRustarucci,,0.000263,119
1844,@sogloarcadius,,0.000263,119
1845,@_julessz,,0.000292,61
1846,@herrkreativ3,,0.000259,195
1847,@adithyamovva,,0.000263,119
1848,@sanalabs,,0.000267,0
1849,@Gamamabear98,,0.000248,90
1850,@Ks_projectyo,,0.000254,1
1851,@006tmr006,,0.000245,69
1852,@exaustaasamba,,0.000292,61
1853,@EuricoRoberto,,0.000423,1
1854,@BBBHost,,0.000267,0
1855,@kHyaTiiiii,,0.000267,0
1856,@SamiraD82732917,,0.000254,1
1857,@isabella85m,,0.00025,1
1858,@666_Suki,,0.000254,1
1859,@PRamirez593,,0.000254,1
1860,@LorraineJDion,,0.000248,90
1861,@rlabanm,,0.000254,1
1862,@RitualNetworkES,,0.000259,195
1863,@DrNehaReddyMD,,0.000253,107
1864,@Guzaliia1,,0.000254,1
1865,@rolandograndi,,0.000267,0
1866,@joanie6894,,0.000292,61
1867,@JChippersBOI,,0.000259,195
1868,@yuliahnp,,0.000259,195
1869,@_italoms,,0.000254,1
1870,@alisoncook,,0.000252,60
1871,@ElbrusRED,,0.000263,119
1872,@nerdette,,0.000225,71
1873,@soumen_eclectic,,0.000267,0
1874,@tim_zuze,,0.00025,90
1875,@asiamaki,,0.000246,36
1876,@Ritmoyclase2,,0.000263,99
1877,@yeonglc,,0.000267,0
1878,@Michiganbelle,,0.000271,40
1879,@elonkasturi,,0.00025,1
1880,@omadoyeabraham,,0.000267,0
1881,@EdDarrell,,0.000253,107
1882,@redthanbetter,,0.000245,69
1883,@Solutioneer72,,0.000432,90
1884,@adwoa2012,,0.00025,90
1885,@yxngxshxs,,0.000254,1
1886,@_PaxCultura,,0.000248,90
1887,@anjaney89,,0.000263,119
1888,@CAllstadt,,0.000254,1
1889,@etairam,,0.000237,69
1890,@peter_kenimer,,0.00025,1
1891,@maximum_Q,,0.000254,1
1892,@luciaruggiero,,0.000247,69
1893,@RiyaMRoy,,0.000267,0
1894,@nestor_sct,,0.000267,0
1895,@ArunKum66216414,,0.000263,119
1896,@MARIJUANACRYPT0,,0.00025,1
1897,@ShreyaNallapati,,0.000267,0
1898,@sylobomi,,0.000253,107
1899,@VetsForSlotkin,,0.000248,90
1900,@DjSupaInferno,,0.00025,90
1901,@DilsherSG,,0.00025,1
1902,@JosieHolford,,0.000248,90
1903,@GamarZahid,,0.000237,69
1904,@mbrianaepler,,0.00024,69
1905,@amirkotweet,,0.000267,0
1906,@abhimans,,0.000267,0
1907,@kayoderotifa,,0.000263,119
1908,@Eliza_bs9,,0.000284,81
1909,@psanivarapu,,0.000259,195
1910,@SuvarnaPunith,,0.000254,87
1911,@zen_jenn,,0.000263,60
1912,@budimanjob,,0.000274,73
1913,@SrGee316,,0.000267,0
1914,@cindyluwho502,,0.00025,90
1915,@vg096475,,0.000292,61
1916,@MediaResidents,,0.000416,111
1917,@TonkHonkey,,0.000259,195
1918,@ShmaveDoe,,0.000254,1
1919,@Alagusu21857729,,0.000263,119
1920,@latiendadenikka,,0.000284,81
1921,@atlas0829,,0.000267,0
1922,@RECWeedTalk,,0.000254,1
1923,@saltperfect,,0.00025,1
1924,@devex,,0.00019,178
1925,@Em_ryneeh,,0.00025,1
1926,@kaliforniakati,,0.000276,87
1927,@holmaa1,,0.000263,99
1928,@rupesh_1310,,0.000274,73
1929,@SystemPhreaker,,0.000263,119
1930,@MarieEHare,,0.000263,99
1931,@Sai60316457,,0.000253,107
1932,@leanne137,,0.000284,81
1933,@gamelmag,,0.000245,69
1934,@IbrahimNahushal,,0.000245,69
1935,@CyndiVegan,,0.000263,99
1936,@prithvi__22,,0.000263,119
1937,@Verab_Chitchyan,,0.00025,1
1938,@Ikreukniet,,0.000246,36
1939,@gibsongirlmo,,0.000248,90
1940,@TheOneTruePax,,0.00025,1
1941,@lrShizzlemoni,,0.000245,69
1942,@TopRadio909,,0.000248,90
1943,@ejaycco,,0.00025,90
1944,@Michael24342731,,0.000254,1
1945,@KrimDelaKate,,0.000271,40
1946,@Angelesokay,,0.000254,1
1947,@Juanpiav,,0.000253,107
1948,@_droemer,,0.000259,195
1949,@raydacteur,,0.000263,119
1950,@bucksfan34,,0.000292,61
1951,@malikmssz,,0.000267,0
1952,@Satya99124,,0.000263,119
1953,@Demonoid55,,0.000248,90
1954,@Lowley_,,0.000284,81
1955,@Adetayo_jubril,,0.000263,119
1956,@SueDunne42,,0.00025,90
1957,@bits_inteligent,,0.000267,0
1958,@zhangxu13919714,,0.000254,1
1959,@Transmedianna,,0.00022,71
1960,@ZoonaMike,,0.000245,69
1961,@NegusHamitic,,0.000276,87
1962,@steamwildcard,,0.00025,1
1963,@michelangeloRit,,0.000252,60
1964,@Newmanluckyman,,0.000248,90
1965,@RaymondFrenken,,0.000239,69
1966,@GanzoTg,,0.000245,69
1967,@benjacusu,,0.000254,1
1968,@SrK__in,,0.000263,119
1969,@ESodiya,,0.000254,87
1970,@nathanshedroff,,0.000251,60
1971,@YOGESH_BIRADAR_,,0.000263,119
1972,@KeithERipley1,,0.000237,69
1973,@sarahstargalaxi,,0.000259,195
1974,@freakomac,,0.000253,107
1975,@PizzaGateLibya,,0.000248,90
1976,@diannabythesea,,0.000252,60
1977,@debssnackcake,,0.00025,90
1978,@dianahess22,,0.000276,40
1979,@blasko_66,,0.000284,81
1980,@mrthakurdeepak,,0.000263,119
1981,@EkmelAE,,0.000254,1
1982,@pyana14,,0.00025,90
1983,@rajibdey0,,0.000254,1
1984,@ghender62996863,,0.000271,40
1985,@filipe27,,0.000263,119
1986,@naimulkhan,,0.000267,0
1987,@peswestford,,0.000237,71
1988,@RHicks,,0.000263,60
1989,@zakbuddyblair,,0.000248,90
1990,@panda_snehasis,,0.000263,119
1991,@thelaurynafia,,0.000292,61
1992,@collinz0,,0.000267,0
1993,@IamCardenaDenis,,0.000245,69
1994,@DEGoodmanWilson,,0.000274,73
1995,@Wriseup,,0.000248,90
1996,@Adelina_Mazhiqi,,0.000848,178
1997,@taru_koivisto,,0.000245,69
1998,@ASH_LDN,,0.000237,69
1999,@fajarmoektie,,0.00025,1
